<?xml version="1.0" encoding="utf-8"?>
<job_critical_data>
  <FileVersion>1.0000000000000000</FileVersion>
  <modal_tool_number>255</modal_tool_number>
  <atc_bin_number>0</atc_bin_number>
  <atc_error_code>0</atc_error_code>
  <saved_user_variable index="0">0.0000000000000000</saved_user_variable>
  <saved_user_variable index="1">0.0000000000000000</saved_user_variable>
  <saved_user_variable index="2">0.0000000000000000</saved_user_variable>
  <saved_user_variable index="3">0.0000000000000000</saved_user_variable>
  <saved_user_variable index="4">0.0000000000000000</saved_user_variable>
  <saved_user_variable index="5">0.0000000000000000</saved_user_variable>
  <saved_user_variable index="6">0.0000000000000000</saved_user_variable>
  <saved_user_variable index="7">0.0000000000000000</saved_user_variable>
  <saved_user_variable index="8">0.0000000000000000</saved_user_variable>
  <saved_user_variable index="9">0.0000000000000000</saved_user_variable>
</job_critical_data>
