<?xml version="1.0" encoding="utf-8"?>
<LogLevelMessageConfiguration Version="1.0">
    <Message Number="102" Level="1" Frequency="11" Text="102 Error initializing CPU...cannot continue.&#xA;"/>
    <Message Number="111" Level="1" Frequency="82" Text="111 X Slow Jog modified: 1000 -&gt; 1500"/>
    <Message Number="199" Level="1" Frequency="104" Text="199 CNC Started"/>
    <Message Number="201" Level="1" Frequency="11" Text="201 Exiting CNC due to a known error (63)"/>
    <Message Number="204" Level="1" Frequency="14" Text="204 Exiting CNC...Normal Exit (66)"/>
    <Message Number="301" Level="9" Frequency="2193" Text="301 Stopped"/>
    <Message Number="302" Level="9" Frequency="576" Text="302 Moving..."/>
    <Message Number="303" Level="9" Frequency="34" Text="303 Paused..."/>
    <Message Number="304" Level="9" Frequency="648" Text="304 MDI..."/>
    <Message Number="306" Level="9" Frequency="139" Text="306 Job finished"/>
    <Message Number="307" Level="9" Frequency="507" Text="307 Operator abort:  job cancelled"/>
    <Message Number="309" Level="9" Frequency="448" Text="309 Waiting for CYCLE START button"/>
    <Message Number="311" Level="9" Frequency="291" Text="311 Waiting for memory #120 (M100)"/>
    <Message Number="313" Level="9" Frequency="159" Text="313 Waiting for dwell time (M26)"/>
    <Message Number="315" Level="9" Frequency="174" Text="315 Searching for line 1..."/>
    <Message Number="325" Level="9" Frequency="19" Text="325 Limit:  job cancelled"/>
    <Message Number="327" Level="9" Frequency="188" Text="327 Fault:  job cancelled"/>
    <Message Number="334" Level="9" Frequency="2" Text="334 Locating position to resume job..."/>
    <Message Number="335" Level="9" Frequency="342" Text="335 Emergency stop released"/>
    <Message Number="338" Level="9" Frequency="11" Text="338 Job cancelled"/>
    <Message Number="339" Level="9" Frequency="350" Text="339 Jogging..."/>
    <Message Number="340" Level="9" Frequency="157" Text="340 Z+ limit (#50001) cleared"/>
    <Message Number="406" Level="1" Frequency="378" Text="406 Emergency stop detected"/>
    <Message Number="407" Level="1" Frequency="181" Text="407 Z+ limit (#50001) tripped"/>
    <Message Number="410" Level="1" Frequency="5" Text="410 X axis(2) position error"/>
    <Message Number="412" Level="1" Frequency="82" Text="412 X axis(2) encoder differential error"/>
    <Message Number="417" Level="1" Frequency="1" Text="417 Abnormal end of job"/>
    <Message Number="418" Level="1" Frequency="10" Text="418 Search Line or Block not found"/>
    <Message Number="422" Level="1" Frequency="3" Text="422 Check Jog Panel cable"/>
    <Message Number="452" Level="1" Frequency="27" Text="452 PC Receive Data Error"/>
    <Message Number="501" Level="4" Frequency="12" Text="501 Invalid character, line 2"/>
    <Message Number="502" Level="4" Frequency="1" Text="502 Invalid G code"/>
    <Message Number="511" Level="4" Frequency="1" Text="511 Missing parameter"/>
    <Message Number="555" Level="4" Frequency="1" Text="555 N Accel time modified: 0.0000 -&gt; 0.5000"/>
    <Message Number="777" Level="4" Frequency="67" Text="777 Z Pitch modified:    0.2104 -&gt;    0.2001 (turns per unit)"/>
    <Message Number="907" Level="4" Frequency="377" Text="907 X axis travel exceeded"/>
    <Message Number="930" Level="4" Frequency="1" Text="930 Log Level Configuration file not found... Creating new configuration."/>
    <Message Number="933" Level="4" Frequency="1" Text="933 Log file initialized"/>
    <Message Number="944" Level="4" Frequency="20" Text="944 MPU requested resend # 3"/>
    <Message Number="945" Level="4" Frequency="41" Text="945 PC requested resend # 7&#xA;"/>
    <Message Number="946" Level="4" Frequency="21" Text="946 PC resending # 1139&#xA;"/>
    <Message Number="999" Level="4" Frequency="72" Text="999 Parm #960 modified: 1.60000 -&gt; 1.70000"/>
    <Message Number="2050" Level="4" Frequency="25" Text="2050 Auto Coolant Mode"/>
    <Message Number="2051" Level="4" Frequency="30" Text="2051 Manual Coolant Mode"/>
    <Message Number="2099" Level="4" Frequency="267" Text="2099 Message Cleared"/>
    <Message Number="4053" Level="4" Frequency="16" Text="4053 Select Auto Spindle, press CYCLE START"/>
    <Message Number="4054" Level="4" Frequency="1" Text="4054 Select Auto Coolant, press CYCLE START"/>
    <Message Number="4056" Level="4" Frequency="1" Text="4056 Invalid tool number"/>
    <Message Number="5038" Level="4" Frequency="2" Text="5038 SPECIFIED SPIN SPEED &lt; MIN SPIN SPEED "/>
    <Message Number="5052" Level="4" Frequency="1" Text="5052 Warning: Lube Low"/>
    <Message Number="9030" Level="4" Frequency="47" Text="9030 SPINDLE FAULT!"/>
    <Message Number="9036" Level="4" Frequency="6" Text="9036 LUBE FAULT"/>
    <Message Number="9039" Level="4" Frequency="26" Text="9039 Software Ready Fault"/>
    <Message Number="9057" Level="4" Frequency="1" Text="9057 !!!!!Door Open!!!!! "/>
</LogLevelMessageConfiguration>
